STATE,count,mean,std,min,25%,50%,75%,max
NSW,51930.0,363.87844234546407,523.5229556473954,0.0,0.0,5.701499999999999,670.91575,2541.959
QLD,51922.0,453.22768392974206,619.8008622121711,0.0,0.0,7.9575,904.71125,2565.377
SA,51930.0,184.89602923165808,270.06261468014173,0.0,0.0,1.6305,329.24425,1152.309
VIC,51930.0,263.70149287502306,392.57209936217834,0.0,0.0,2.455,454.76075000000003,1865.325
