STATE,count,mean,std,min,25%,50%,75%,max
NSW,51930.0,7843.694753514386,1226.962579462553,5221.13,6958.2725,7709.98,8533.0825,13700.9
QLD,51922.0,6172.022138785143,891.605195748011,3748.24,5465.5725,6049.735,6769.465,9988.09
SA,51930.0,1270.9156687848968,336.5518561489385,284.51,1073.4425,1242.81,1444.3725,3107.74
VIC,51930.0,4847.972860196427,851.8033709229977,2307.07,4217.785,4736.295,5341.8975,9507.26
