STATE,count,mean,std,min,25%,50%,75%,max
NSW,51926.0,17.490330470284555,5.964048501580706,-1.3,13.4,17.9,21.5,44.7
QLD,51922.0,20.5521724895036,5.763250367083775,1.5,16.5,21.1,24.6,40.6
SA,51930.0,20.549924898902486,5.761960600809559,1.5,16.5,21.1,24.6,40.6
VIC,51930.0,15.39372616984387,5.495481603042503,0.9,11.6,14.7,18.4,43.2
